{
    "loss": 6.9625983238220215,
    "accuracy": 0.6598360538482666
}