{
    "loss": 1.31483238220215,
    "accuracy": 0.87360538482666
}
